event_number,particle_id,is_vertexd0,phi0,q/pT,z0,theta,P00,P01,P02,P03,P04,P10,P11,P12,P13,P14,P20,P21,P22,P23,P24,P30,P31,P32,P33,P34,P40,P41,P42,P43,P44,K00,K01,K10,K11,K20,K21,K30,K31,K40,K41
1000,292765449299427328,1,-18.551381368547467,1.7092235396889295,-0.0003012336383656819,14.292750448933528,-0.13800416674446986,0.04,0.0,0.0,0.0,0.0,0.0,6.7e-06,0.0,0.0,0.0,0.0,0.0,0.02,0.0,0.0,0.0,0.0,0.0,1.3,0.0,0.0,0.0,0.0,0.0,7e-06,0.0,0.0,0.0,0.0,0.0,0.0,0.0,0.0,0.0,0.0
1000,292765449299427328,0,-18.38139502526056,1.7085289760716782,-0.0003014168978901791,15.232255781266332,-0.14013775833608097,0.04,0.0,0.0,0.0,0.0,0.0,6.7e-06,0.0,0.0,0.0,0.0,0.0,0.02,0.0,0.0,0.0,0.0,0.0,1.3,0.0,0.0,0.0,0.0,0.0,7e-06,0.0,0.0,0.0,0.0,0.0,0.0,0.0,0.0,0.0,0.0
